# ************************************************************
# Sequel Pro SQL dump
# Version 4541
#
# http://www.sequelpro.com/
# https://github.com/sequelpro/sequelpro
#
# Host: 172.18.157.233 (MySQL 5.5.5-10.11.7-MariaDB-1:10.11.7+maria~ubu2204-log)
# Database: taskmanager
# Generation Time: 2026-07-02 10:14:08 +0000
# ************************************************************


/*!40101 SET @OLD_CHARACTER_SET_CLIENT=@@CHARACTER_SET_CLIENT */;
/*!40101 SET @OLD_CHARACTER_SET_RESULTS=@@CHARACTER_SET_RESULTS */;
/*!40101 SET @OLD_COLLATION_CONNECTION=@@COLLATION_CONNECTION */;
/*!40101 SET NAMES utf8 */;
/*!40014 SET @OLD_FOREIGN_KEY_CHECKS=@@FOREIGN_KEY_CHECKS, FOREIGN_KEY_CHECKS=0 */;
/*!40101 SET @OLD_SQL_MODE=@@SQL_MODE, SQL_MODE='NO_AUTO_VALUE_ON_ZERO' */;
/*!40111 SET @OLD_SQL_NOTES=@@SQL_NOTES, SQL_NOTES=0 */;


# Dump of table audit_logs
# ------------------------------------------------------------

DROP TABLE IF EXISTS `audit_logs`;

CREATE TABLE `audit_logs` (
  `id` bigint(20) unsigned NOT NULL AUTO_INCREMENT,
  `created_at` timestamp NULL DEFAULT NULL,
  `updated_at` timestamp NULL DEFAULT NULL,
  `user_id` bigint(20) unsigned DEFAULT NULL,
  `action` varchar(255) NOT NULL,
  `task_id` bigint(20) unsigned NOT NULL,
  `old_values` longtext CHARACTER SET utf8mb4 COLLATE utf8mb4_bin DEFAULT NULL CHECK (json_valid(`old_values`)),
  `new_values` longtext CHARACTER SET utf8mb4 COLLATE utf8mb4_bin DEFAULT NULL CHECK (json_valid(`new_values`)),
  `deleted` tinyint(1) NOT NULL DEFAULT 0,
  PRIMARY KEY (`id`),
  KEY `audit_logs_user_id_foreign` (`user_id`),
  CONSTRAINT `audit_logs_user_id_foreign` FOREIGN KEY (`user_id`) REFERENCES `users` (`id`) ON DELETE SET NULL
) ENGINE=InnoDB DEFAULT CHARSET=utf8mb4 COLLATE=utf8mb4_unicode_ci;

LOCK TABLES `audit_logs` WRITE;
/*!40000 ALTER TABLE `audit_logs` DISABLE KEYS */;

INSERT INTO `audit_logs` (`id`, `created_at`, `updated_at`, `user_id`, `action`, `task_id`, `old_values`, `new_values`, `deleted`)
VALUES
	(1,'2025-10-13 11:45:11','2025-10-13 11:45:11',2,'created',8,NULL,X'7B227469746C65223A22746573742038222C226465736372697074696F6E223A2274657374696E672038222C226475655F64617465223A22323032352D31302D31335430303A30303A30302E3030303030305A222C22757365725F6964223A322C22757064617465645F6174223A22323032352D31302D31335431313A34353A31312E3030303030305A222C22637265617465645F6174223A22323032352D31302D31335431313A34353A31312E3030303030305A222C226964223A387D',0),
	(2,'2025-10-13 11:50:07','2025-10-13 11:50:07',2,'Task updated',8,X'7B226964223A382C227469746C65223A22746573742038222C226465736372697074696F6E223A2274657374696E6720382070656E64696E67222C226475655F64617465223A22323032352D31302D31335430303A30303A30302E3030303030305A222C227072696F72697479223A226D656469756D222C2269735F636F6D706C65746564223A302C22637265617465645F6174223A22323032352D31302D31335431313A34353A31312E3030303030305A222C22757064617465645F6174223A22323032352D31302D31335431313A34373A32372E3030303030305A222C22757365725F6964223A327D',X'7B226964223A382C227469746C65223A22746573742037222C226465736372697074696F6E223A2274657374696E6720372070656E64696E67222C226475655F64617465223A22323032352D31302D31335430303A30303A30302E3030303030305A222C227072696F72697479223A226D656469756D222C2269735F636F6D706C65746564223A302C22637265617465645F6174223A22323032352D31302D31335431313A34353A31312E3030303030305A222C22757064617465645F6174223A22323032352D31302D31335431313A35303A30372E3030303030305A222C22757365725F6964223A327D',0),
	(3,'2025-10-14 03:35:19','2025-10-14 03:35:19',1,'created',9,NULL,X'7B227469746C65223A2274657374203130222C226465736372697074696F6E223A2274657374696E67222C226475655F64617465223A22323032352D31302D32345430303A30303A30302E3030303030305A222C22757365725F6964223A312C22757064617465645F6174223A22323032352D31302D31345430333A33353A31392E3030303030305A222C22637265617465645F6174223A22323032352D31302D31345430333A33353A31392E3030303030305A222C226964223A397D',0),
	(4,'2025-10-14 03:35:26','2025-10-14 03:35:26',1,'Task updated',9,X'7B226964223A392C227469746C65223A2274657374203130222C226465736372697074696F6E223A2274657374696E67222C226475655F64617465223A22323032352D31302D32345430303A30303A30302E3030303030305A222C227072696F72697479223A226D656469756D222C2269735F636F6D706C65746564223A302C22637265617465645F6174223A22323032352D31302D31345430333A33353A31392E3030303030305A222C22757064617465645F6174223A22323032352D31302D31345430333A33353A31392E3030303030305A222C22757365725F6964223A317D',X'7B226964223A392C227469746C65223A2274657374203130222C226465736372697074696F6E223A2274657374696E67222C226475655F64617465223A22323032352D31302D32345430303A30303A30302E3030303030305A222C227072696F72697479223A226D656469756D222C2269735F636F6D706C65746564223A747275652C22637265617465645F6174223A22323032352D31302D31345430333A33353A31392E3030303030305A222C22757064617465645F6174223A22323032352D31302D31345430333A33353A32362E3030303030305A222C22757365725F6964223A317D',0),
	(5,'2025-10-14 03:35:34','2025-10-14 03:35:34',1,'Task updated',9,X'7B226964223A392C227469746C65223A2274657374203130222C226465736372697074696F6E223A2274657374696E67222C226475655F64617465223A22323032352D31302D32345430303A30303A30302E3030303030305A222C227072696F72697479223A226D656469756D222C2269735F636F6D706C65746564223A312C22637265617465645F6174223A22323032352D31302D31345430333A33353A31392E3030303030305A222C22757064617465645F6174223A22323032352D31302D31345430333A33353A32362E3030303030305A222C22757365725F6964223A317D',X'7B226964223A392C227469746C65223A2274657374203130222C226465736372697074696F6E223A2274657374696E67203130222C226475655F64617465223A22323032352D31302D32345430303A30303A30302E3030303030305A222C227072696F72697479223A226D656469756D222C2269735F636F6D706C65746564223A312C22637265617465645F6174223A22323032352D31302D31345430333A33353A31392E3030303030305A222C22757064617465645F6174223A22323032352D31302D31345430333A33353A33342E3030303030305A222C22757365725F6964223A317D',0),
	(6,'2025-10-14 05:05:15','2025-10-14 05:05:15',2,'Task updated',8,X'7B226964223A382C227469746C65223A22746573742037222C226465736372697074696F6E223A2274657374696E6720372070656E64696E67222C226475655F64617465223A22323032352D31302D31335430303A30303A30302E3030303030305A222C227072696F72697479223A226D656469756D222C2269735F636F6D706C65746564223A302C22637265617465645F6174223A22323032352D31302D31335431313A34353A31312E3030303030305A222C22757064617465645F6174223A22323032352D31302D31335431313A35303A30372E3030303030305A222C22757365725F6964223A327D',X'7B226964223A382C227469746C65223A22746573742037222C226465736372697074696F6E223A2274657374696E6720372070656E64696E67222C226475655F64617465223A22323032352D31302D31335430303A30303A30302E3030303030305A222C227072696F72697479223A226D656469756D222C2269735F636F6D706C65746564223A747275652C22637265617465645F6174223A22323032352D31302D31335431313A34353A31312E3030303030305A222C22757064617465645F6174223A22323032352D31302D31345430353A30353A31352E3030303030305A222C22757365725F6964223A327D',0),
	(7,'2025-10-14 05:50:33','2025-10-14 05:50:33',2,'created',10,NULL,X'7B227469746C65223A22546573742037222C226465736372697074696F6E223A224F4B222C226475655F64617465223A22323032352D31302D32325430303A30303A30302E3030303030305A222C22757365725F6964223A322C22757064617465645F6174223A22323032352D31302D31345430353A35303A33332E3030303030305A222C22637265617465645F6174223A22323032352D31302D31345430353A35303A33332E3030303030305A222C226964223A31307D',0),
	(8,'2025-10-14 05:51:51','2025-10-14 05:51:51',2,'created',11,NULL,X'7B227469746C65223A22546573742037222C226465736372697074696F6E223A224F4B222C226475655F64617465223A22323032352D31302D32325430303A30303A30302E3030303030305A222C22757365725F6964223A322C22757064617465645F6174223A22323032352D31302D31345430353A35313A35312E3030303030305A222C22637265617465645F6174223A22323032352D31302D31345430353A35313A35312E3030303030305A222C226964223A31317D',0),
	(9,'2025-10-14 05:58:32','2025-10-14 05:58:32',2,'created',12,NULL,X'7B227469746C65223A22546573742037222C226465736372697074696F6E223A224F4B222C226475655F64617465223A22323032352D31302D32325430303A30303A30302E3030303030305A222C22757365725F6964223A322C22757064617465645F6174223A22323032352D31302D31345430353A35383A33322E3030303030305A222C22637265617465645F6174223A22323032352D31302D31345430353A35383A33322E3030303030305A222C226964223A31327D',0),
	(10,'2025-10-14 06:14:21','2025-10-14 06:14:21',2,'Task updated',11,X'7B226964223A31312C227469746C65223A22546573742037222C226465736372697074696F6E223A224F4B222C226475655F64617465223A22323032352D31302D32325430303A30303A30302E3030303030305A222C227072696F72697479223A226D656469756D222C2269735F636F6D706C65746564223A302C22637265617465645F6174223A22323032352D31302D31345430353A35313A35312E3030303030305A222C22757064617465645F6174223A22323032352D31302D31345430353A35313A35312E3030303030305A222C22757365725F6964223A327D',X'7B226964223A31312C227469746C65223A22546573742037222C226465736372697074696F6E223A224F4B2074657374222C226475655F64617465223A22323032352D31302D32325430303A30303A30302E3030303030305A222C227072696F72697479223A226D656469756D222C2269735F636F6D706C65746564223A302C22637265617465645F6174223A22323032352D31302D31345430353A35313A35312E3030303030305A222C22757064617465645F6174223A22323032352D31302D31345430363A31343A32312E3030303030305A222C22757365725F6964223A327D',0),
	(11,'2025-10-14 06:22:50','2025-10-14 06:22:50',3,'created',13,NULL,X'7B227469746C65223A22546573742031222C226465736372697074696F6E223A22546573746564222C226475655F64617465223A22323032352D31302D32345430303A30303A30302E3030303030305A222C22757365725F6964223A332C22757064617465645F6174223A22323032352D31302D31345430363A32323A35302E3030303030305A222C22637265617465645F6174223A22323032352D31302D31345430363A32323A35302E3030303030305A222C226964223A31337D',0),
	(12,'2025-10-14 06:23:04','2025-10-14 06:23:04',3,'Task updated',13,X'7B226964223A31332C227469746C65223A22546573742031222C226465736372697074696F6E223A22546573746564222C226475655F64617465223A22323032352D31302D32345430303A30303A30302E3030303030305A222C227072696F72697479223A226D656469756D222C2269735F636F6D706C65746564223A302C22637265617465645F6174223A22323032352D31302D31345430363A32323A35302E3030303030305A222C22757064617465645F6174223A22323032352D31302D31345430363A32323A35302E3030303030305A222C22757365725F6964223A337D',X'7B226964223A31332C227469746C65223A22546573742031222C226465736372697074696F6E223A225465737420776F726B696E67222C226475655F64617465223A22323032352D31302D33305430303A30303A30302E3030303030305A222C227072696F72697479223A226D656469756D222C2269735F636F6D706C65746564223A302C22637265617465645F6174223A22323032352D31302D31345430363A32323A35302E3030303030305A222C22757064617465645F6174223A22323032352D31302D31345430363A32333A30342E3030303030305A222C22757365725F6964223A337D',0),
	(13,'2025-10-14 06:23:18','2025-10-14 06:23:18',3,'Task updated',13,X'7B226964223A31332C227469746C65223A22546573742031222C226465736372697074696F6E223A225465737420776F726B696E67222C226475655F64617465223A22323032352D31302D33305430303A30303A30302E3030303030305A222C227072696F72697479223A226D656469756D222C2269735F636F6D706C65746564223A302C22637265617465645F6174223A22323032352D31302D31345430363A32323A35302E3030303030305A222C22757064617465645F6174223A22323032352D31302D31345430363A32333A30342E3030303030305A222C22757365725F6964223A337D',X'7B226964223A31332C227469746C65223A22546573742031222C226465736372697074696F6E223A225465737420776F726B696E67222C226475655F64617465223A22323032352D31302D33305430303A30303A30302E3030303030305A222C227072696F72697479223A226D656469756D222C2269735F636F6D706C65746564223A747275652C22637265617465645F6174223A22323032352D31302D31345430363A32323A35302E3030303030305A222C22757064617465645F6174223A22323032352D31302D31345430363A32333A31382E3030303030305A222C22757365725F6964223A337D',0),
	(14,'2025-10-14 06:23:40','2025-10-14 06:23:40',3,'created',14,NULL,X'7B227469746C65223A22546573742032222C226465736372697074696F6E223A2274457374222C226475655F64617465223A22323032352D31302D33305430303A30303A30302E3030303030305A222C22757365725F6964223A332C22757064617465645F6174223A22323032352D31302D31345430363A32333A34302E3030303030305A222C22637265617465645F6174223A22323032352D31302D31345430363A32333A34302E3030303030305A222C226964223A31347D',0),
	(15,'2025-10-14 07:16:27','2025-10-14 07:16:27',1,'Task updated',9,X'7B226964223A392C227469746C65223A2274657374203130222C226465736372697074696F6E223A2274657374696E67203130222C226475655F64617465223A22323032352D31302D32345430303A30303A30302E3030303030305A222C227072696F72697479223A226D656469756D222C22737461747573223A2270656E64696E67222C2269735F636F6D706C65746564223A312C22637265617465645F6174223A22323032352D31302D31345430333A33353A31392E3030303030305A222C22757064617465645F6174223A22323032352D31302D31345430333A33353A33342E3030303030305A222C22757365725F6964223A317D',X'7B226964223A392C227469746C65223A2274657374203130222C226465736372697074696F6E223A2274657374696E67203130222C226475655F64617465223A22323032352D31302D32345430303A30303A30302E3030303030305A222C227072696F72697479223A226C6F77222C22737461747573223A2270656E64696E67222C2269735F636F6D706C65746564223A312C22637265617465645F6174223A22323032352D31302D31345430333A33353A31392E3030303030305A222C22757064617465645F6174223A22323032352D31302D31345430373A31363A32372E3030303030305A222C22757365725F6964223A317D',0),
	(16,'2025-10-14 07:17:20','2025-10-14 07:17:20',1,'Task updated',9,X'7B226964223A392C227469746C65223A2274657374203130222C226465736372697074696F6E223A2274657374696E67203130222C226475655F64617465223A22323032352D31302D32345430303A30303A30302E3030303030305A222C227072696F72697479223A226C6F77222C22737461747573223A2270656E64696E67222C2269735F636F6D706C65746564223A312C22637265617465645F6174223A22323032352D31302D31345430333A33353A31392E3030303030305A222C22757064617465645F6174223A22323032352D31302D31345430373A31363A32372E3030303030305A222C22757365725F6964223A317D',X'7B226964223A392C227469746C65223A2274657374203130222C226465736372697074696F6E223A2274657374696E67203130222C226475655F64617465223A22323032352D31302D31305430303A30303A30302E3030303030305A222C227072696F72697479223A226C6F77222C22737461747573223A2270656E64696E67222C2269735F636F6D706C65746564223A312C22637265617465645F6174223A22323032352D31302D31345430333A33353A31392E3030303030305A222C22757064617465645F6174223A22323032352D31302D31345430373A31373A32302E3030303030305A222C22757365725F6964223A317D',0),
	(17,'2025-10-14 07:19:21','2025-10-14 07:19:21',1,'Task updated',9,X'7B226964223A392C227469746C65223A2274657374203130222C226465736372697074696F6E223A2274657374696E67203130222C226475655F64617465223A22323032352D31302D31305430303A30303A30302E3030303030305A222C227072696F72697479223A226C6F77222C22737461747573223A2270656E64696E67222C2269735F636F6D706C65746564223A312C22637265617465645F6174223A22323032352D31302D31345430333A33353A31392E3030303030305A222C22757064617465645F6174223A22323032352D31302D31345430373A31373A32302E3030303030305A222C22757365725F6964223A317D',X'7B226964223A392C227469746C65223A2274657374203130222C226465736372697074696F6E223A2274657374696E67203130222C226475655F64617465223A22323032352D31302D31305430303A30303A30302E3030303030305A222C227072696F72697479223A226C6F77222C22737461747573223A22696E5F70726F6772657373222C2269735F636F6D706C65746564223A312C22637265617465645F6174223A22323032352D31302D31345430333A33353A31392E3030303030305A222C22757064617465645F6174223A22323032352D31302D31345430373A31393A32312E3030303030305A222C22757365725F6964223A317D',0),
	(18,'2025-10-14 09:23:37','2025-10-14 09:23:37',1,'created',15,NULL,X'7B227469746C65223A22546573743837222C226465736372697074696F6E223A224F4B222C226475655F64617465223A22323032352D31302D33305430303A30303A30302E3030303030305A222C227072696F72697479223A2268696768222C22737461747573223A22696E5F70726F6772657373222C22757365725F6964223A312C22757064617465645F6174223A22323032352D31302D31345430393A32333A33372E3030303030305A222C22637265617465645F6174223A22323032352D31302D31345430393A32333A33372E3030303030305A222C226964223A31357D',0),
	(19,'2025-10-14 09:30:21','2025-10-14 09:30:21',1,'created',16,NULL,X'7B227469746C65223A22546573743820393839222C226465736372697074696F6E223A2254657374656420776F726B696E67222C226475655F64617465223A22323032352D31302D32395430303A30303A30302E3030303030305A222C227072696F72697479223A226C6F77222C22737461747573223A22696E5F70726F6772657373222C22757365725F6964223A312C22757064617465645F6174223A22323032352D31302D31345430393A33303A32312E3030303030305A222C22637265617465645F6174223A22323032352D31302D31345430393A33303A32312E3030303030305A222C226964223A31367D',0),
	(20,'2025-10-14 09:33:45','2025-10-14 09:33:45',1,'created',17,NULL,X'7B227469746C65223A22746573742037363736222C226465736372697074696F6E223A227465737420383737363837222C226475655F64617465223A22323032352D31302D32345430303A30303A30302E3030303030305A222C227072696F72697479223A226C6F77222C22737461747573223A22696E5F70726F6772657373222C22757365725F6964223A312C22757064617465645F6174223A22323032352D31302D31345430393A33333A34352E3030303030305A222C22637265617465645F6174223A22323032352D31302D31345430393A33333A34352E3030303030305A222C226964223A31377D',0),
	(21,'2025-10-14 09:34:22','2025-10-14 09:34:22',1,'created',18,NULL,X'7B227469746C65223A22746573797437383738393938222C226465736372697074696F6E223A2239373634353433333233222C226475655F64617465223A22323032352D31312D30375430303A30303A30302E3030303030305A222C227072696F72697479223A226C6F77222C22737461747573223A22696E5F70726F6772657373222C22757365725F6964223A312C22757064617465645F6174223A22323032352D31302D31345430393A33343A32322E3030303030305A222C22637265617465645F6174223A22323032352D31302D31345430393A33343A32322E3030303030305A222C226964223A31387D',0),
	(22,'2025-10-14 09:40:51','2025-10-14 09:40:51',1,'created',19,NULL,X'7B227469746C65223A22343635373637222C226465736372697074696F6E223A22686B6A686A686A626A6867686A222C226475655F64617465223A22323032352D31302D32355430303A30303A30302E3030303030305A222C227072696F72697479223A2268696768222C22737461747573223A22696E5F70726F6772657373222C22757365725F6964223A312C22757064617465645F6174223A22323032352D31302D31345430393A34303A35312E3030303030305A222C22637265617465645F6174223A22323032352D31302D31345430393A34303A35312E3030303030305A222C226964223A31397D',0),
	(23,'2025-10-14 09:42:13','2025-10-14 09:42:13',1,'created',20,NULL,X'7B227469746C65223A223434333536363738222C226465736372697074696F6E223A223639383736353433222C226475655F64617465223A22323032352D31302D33305430303A30303A30302E3030303030305A222C227072696F72697479223A226C6F77222C22737461747573223A22696E5F70726F6772657373222C22757365725F6964223A312C22757064617465645F6174223A22323032352D31302D31345430393A34323A31322E3030303030305A222C22637265617465645F6174223A22323032352D31302D31345430393A34323A31322E3030303030305A222C226964223A32307D',0),
	(24,'2025-10-14 09:48:12','2025-10-14 09:48:12',1,'created',21,NULL,X'7B227469746C65223A223334333534363536222C226465736372697074696F6E223A22393839383039393039222C226475655F64617465223A22323032352D31302D33315430303A30303A30302E3030303030305A222C227072696F72697479223A2268696768222C22737461747573223A22696E5F70726F6772657373222C22757365725F6964223A312C22757064617465645F6174223A22323032352D31302D31345430393A34383A31322E3030303030305A222C22637265617465645F6174223A22323032352D31302D31345430393A34383A31322E3030303030305A222C226964223A32317D',0),
	(25,'2025-10-14 09:51:03','2025-10-14 09:51:03',1,'created',22,NULL,X'7B227469746C65223A223334333534363536222C226465736372697074696F6E223A22393839383039393039222C226475655F64617465223A22323032352D31302D33315430303A30303A30302E3030303030305A222C227072696F72697479223A2268696768222C22737461747573223A22696E5F70726F6772657373222C22757365725F6964223A312C22757064617465645F6174223A22323032352D31302D31345430393A35313A30332E3030303030305A222C22637265617465645F6174223A22323032352D31302D31345430393A35313A30332E3030303030305A222C226964223A32327D',0),
	(26,'2025-10-14 09:57:02','2025-10-14 09:57:02',1,'created',23,NULL,X'7B227469746C65223A223334333534363536222C226465736372697074696F6E223A22393839383039393039222C226475655F64617465223A22323032352D31302D33315430303A30303A30302E3030303030305A222C227072696F72697479223A2268696768222C22737461747573223A22696E5F70726F6772657373222C22757365725F6964223A312C22757064617465645F6174223A22323032352D31302D31345430393A35373A30322E3030303030305A222C22637265617465645F6174223A22323032352D31302D31345430393A35373A30322E3030303030305A222C226964223A32337D',0),
	(27,'2025-10-14 09:58:11','2025-10-14 09:58:11',1,'created',24,NULL,X'7B227469746C65223A223334333534363536222C226465736372697074696F6E223A22393839383039393039222C226475655F64617465223A22323032352D31302D33315430303A30303A30302E3030303030305A222C227072696F72697479223A2268696768222C22737461747573223A22696E5F70726F6772657373222C22757365725F6964223A312C22757064617465645F6174223A22323032352D31302D31345430393A35383A31312E3030303030305A222C22637265617465645F6174223A22323032352D31302D31345430393A35383A31312E3030303030305A222C226964223A32347D',0),
	(28,'2025-10-14 09:58:34','2025-10-14 09:58:34',1,'created',25,NULL,X'7B227469746C65223A223334333534363536222C226465736372697074696F6E223A22393839383039393039222C226475655F64617465223A22323032352D31302D33315430303A30303A30302E3030303030305A222C227072696F72697479223A2268696768222C22737461747573223A22696E5F70726F6772657373222C22757365725F6964223A312C22757064617465645F6174223A22323032352D31302D31345430393A35383A33342E3030303030305A222C22637265617465645F6174223A22323032352D31302D31345430393A35383A33342E3030303030305A222C226964223A32357D',0),
	(29,'2025-10-14 10:00:11','2025-10-14 10:00:11',1,'created',26,NULL,X'7B227469746C65223A223334333534363536222C226465736372697074696F6E223A22393839383039393039222C226475655F64617465223A22323032352D31302D33315430303A30303A30302E3030303030305A222C227072696F72697479223A2268696768222C22737461747573223A22696E5F70726F6772657373222C22757365725F6964223A312C22757064617465645F6174223A22323032352D31302D31345431303A30303A31312E3030303030305A222C22637265617465645F6174223A22323032352D31302D31345431303A30303A31312E3030303030305A222C226964223A32367D',0),
	(30,'2025-10-14 10:02:41','2025-10-14 10:02:41',1,'created',27,NULL,X'7B227469746C65223A223334333534363536222C226465736372697074696F6E223A22393839383039393039222C226475655F64617465223A22323032352D31302D33315430303A30303A30302E3030303030305A222C227072696F72697479223A2268696768222C22737461747573223A22696E5F70726F6772657373222C22757365725F6964223A312C22757064617465645F6174223A22323032352D31302D31345431303A30323A34312E3030303030305A222C22637265617465645F6174223A22323032352D31302D31345431303A30323A34312E3030303030305A222C226964223A32377D',0),
	(31,'2025-10-14 10:04:55','2025-10-14 10:04:55',1,'created',28,NULL,X'7B227469746C65223A223334333534363536222C226465736372697074696F6E223A22393839383039393039222C226475655F64617465223A22323032352D31302D33315430303A30303A30302E3030303030305A222C227072696F72697479223A2268696768222C22737461747573223A22696E5F70726F6772657373222C22757365725F6964223A312C22757064617465645F6174223A22323032352D31302D31345431303A30343A35352E3030303030305A222C22637265617465645F6174223A22323032352D31302D31345431303A30343A35352E3030303030305A222C226964223A32387D',0),
	(32,'2025-10-14 10:05:25','2025-10-14 10:05:25',1,'created',29,NULL,X'7B227469746C65223A226A68743635363534657472222C226465736372697074696F6E223A2267686B6A686A66686763222C226475655F64617465223A22323032352D30362D30375430303A30303A30302E3030303030305A222C227072696F72697479223A226D656469756D222C22737461747573223A2270656E64696E67222C22757365725F6964223A312C22757064617465645F6174223A22323032352D31302D31345431303A30353A32352E3030303030305A222C22637265617465645F6174223A22323032352D31302D31345431303A30353A32352E3030303030305A222C226964223A32397D',0),
	(33,'2025-10-14 11:30:05','2025-10-14 11:30:05',1,'created',30,NULL,X'7B227469746C65223A22746573742037222C226465736372697074696F6E223A22746573746564222C226475655F64617465223A22323032352D31302D31365430303A30303A30302E3030303030305A222C227072696F72697479223A226C6F77222C22737461747573223A22696E5F70726F6772657373222C22757365725F6964223A312C22757064617465645F6174223A22323032352D31302D31345431313A33303A30342E3030303030305A222C22637265617465645F6174223A22323032352D31302D31345431313A33303A30342E3030303030305A222C226964223A33307D',0),
	(34,'2025-10-14 11:30:40','2025-10-14 11:30:40',1,'Task updated',30,X'7B226964223A33302C227469746C65223A22746573742037222C226465736372697074696F6E223A22746573746564222C226475655F64617465223A22323032352D31302D31365430303A30303A30302E3030303030305A222C227072696F72697479223A226C6F77222C22737461747573223A22696E5F70726F6772657373222C2269735F636F6D706C65746564223A302C22637265617465645F6174223A22323032352D31302D31345431313A33303A30342E3030303030305A222C22757064617465645F6174223A22323032352D31302D31345431313A33303A30342E3030303030305A222C22757365725F6964223A317D',X'7B226964223A33302C227469746C65223A22746573742037222C226465736372697074696F6E223A22746573746564222C226475655F64617465223A22323032352D31302D31365430303A30303A30302E3030303030305A222C227072696F72697479223A226C6F77222C22737461747573223A22696E5F70726F6772657373222C2269735F636F6D706C65746564223A747275652C22637265617465645F6174223A22323032352D31302D31345431313A33303A30342E3030303030305A222C22757064617465645F6174223A22323032352D31302D31345431313A33303A34302E3030303030305A222C22757365725F6964223A317D',0),
	(35,'2025-10-14 11:30:47','2025-10-14 11:30:47',1,'Task Deleted',30,X'7B226964223A33302C227469746C65223A22746573742037222C226465736372697074696F6E223A22746573746564222C226475655F64617465223A22323032352D31302D31365430303A30303A30302E3030303030305A222C227072696F72697479223A226C6F77222C22737461747573223A22696E5F70726F6772657373222C2269735F636F6D706C65746564223A312C22637265617465645F6174223A22323032352D31302D31345431313A33303A30342E3030303030305A222C22757064617465645F6174223A22323032352D31302D31345431313A33303A34302E3030303030305A222C22757365725F6964223A317D',X'7B226964223A33302C227469746C65223A22746573742037222C226465736372697074696F6E223A22746573746564222C226475655F64617465223A22323032352D31302D31365430303A30303A30302E3030303030305A222C227072696F72697479223A226C6F77222C22737461747573223A22696E5F70726F6772657373222C2269735F636F6D706C65746564223A312C22637265617465645F6174223A22323032352D31302D31345431313A33303A30342E3030303030305A222C22757064617465645F6174223A22323032352D31302D31345431313A33303A34302E3030303030305A222C22757365725F6964223A317D',0),
	(36,'2025-10-14 11:33:49','2025-10-14 11:33:49',1,'Task Deleted',29,X'7B226964223A32392C227469746C65223A226A68743635363534657472222C226465736372697074696F6E223A2267686B6A686A66686763222C226475655F64617465223A22323032352D30362D30375430303A30303A30302E3030303030305A222C227072696F72697479223A226D656469756D222C22737461747573223A2270656E64696E67222C2269735F636F6D706C65746564223A302C22637265617465645F6174223A22323032352D31302D31345431303A30353A32352E3030303030305A222C22757064617465645F6174223A22323032352D31302D31345431303A30353A32352E3030303030305A222C22757365725F6964223A317D',X'7B226964223A32392C227469746C65223A226A68743635363534657472222C226465736372697074696F6E223A2267686B6A686A66686763222C226475655F64617465223A22323032352D30362D30375430303A30303A30302E3030303030305A222C227072696F72697479223A226D656469756D222C22737461747573223A2270656E64696E67222C2269735F636F6D706C65746564223A302C22637265617465645F6174223A22323032352D31302D31345431303A30353A32352E3030303030305A222C22757064617465645F6174223A22323032352D31302D31345431303A30353A32352E3030303030305A222C22757365725F6964223A317D',0),
	(37,'2025-10-14 11:34:31','2025-10-14 11:34:31',1,'Task updated',28,X'7B226964223A32382C227469746C65223A223334333534363536222C226465736372697074696F6E223A22393839383039393039222C226475655F64617465223A22323032352D31302D33315430303A30303A30302E3030303030305A222C227072696F72697479223A2268696768222C22737461747573223A22696E5F70726F6772657373222C2269735F636F6D706C65746564223A302C22637265617465645F6174223A22323032352D31302D31345431303A30343A35352E3030303030305A222C22757064617465645F6174223A22323032352D31302D31345431303A30343A35352E3030303030305A222C22757365725F6964223A317D',X'7B226964223A32382C227469746C65223A223334333534363536222C226465736372697074696F6E223A22393839383039393039222C226475655F64617465223A22323032352D31302D33315430303A30303A30302E3030303030305A222C227072696F72697479223A2268696768222C22737461747573223A22696E5F70726F6772657373222C2269735F636F6D706C65746564223A747275652C22637265617465645F6174223A22323032352D31302D31345431303A30343A35352E3030303030305A222C22757064617465645F6174223A22323032352D31302D31345431313A33343A33312E3030303030305A222C22757365725F6964223A317D',0),
	(38,'2026-07-02 09:51:01','2026-07-02 09:51:01',4,'created',31,NULL,X'7B227469746C65223A2254657374222C226465736372697074696F6E223A2254657374696E67222C226475655F64617465223A22323032362D30372D30325430303A30303A30302E3030303030305A222C227072696F72697479223A226D656469756D222C22737461747573223A22696E5F70726F6772657373222C22757365725F6964223A342C22757064617465645F6174223A22323032362D30372D30325430393A35313A30312E3030303030305A222C22637265617465645F6174223A22323032362D30372D30325430393A35313A30312E3030303030305A222C226964223A33317D',0),
	(39,'2026-07-02 09:51:07','2026-07-02 09:51:07',4,'Task updated',31,X'7B226964223A33312C227469746C65223A2254657374222C226465736372697074696F6E223A2254657374696E67222C226475655F64617465223A22323032362D30372D30325430303A30303A30302E3030303030305A222C227072696F72697479223A226D656469756D222C22737461747573223A22696E5F70726F6772657373222C2269735F636F6D706C65746564223A302C22637265617465645F6174223A22323032362D30372D30325430393A35313A30312E3030303030305A222C22757064617465645F6174223A22323032362D30372D30325430393A35313A30312E3030303030305A222C22757365725F6964223A347D',X'7B226964223A33312C227469746C65223A2254657374222C226465736372697074696F6E223A2254657374696E67222C226475655F64617465223A22323032362D30372D30325430303A30303A30302E3030303030305A222C227072696F72697479223A226D656469756D222C22737461747573223A22696E5F70726F6772657373222C2269735F636F6D706C65746564223A747275652C22637265617465645F6174223A22323032362D30372D30325430393A35313A30312E3030303030305A222C22757064617465645F6174223A22323032362D30372D30325430393A35313A30372E3030303030305A222C22757365725F6964223A347D',0);

/*!40000 ALTER TABLE `audit_logs` ENABLE KEYS */;
UNLOCK TABLES;


# Dump of table cache
# ------------------------------------------------------------

DROP TABLE IF EXISTS `cache`;

CREATE TABLE `cache` (
  `key` varchar(255) NOT NULL,
  `value` mediumtext NOT NULL,
  `expiration` int(11) NOT NULL,
  PRIMARY KEY (`key`)
) ENGINE=InnoDB DEFAULT CHARSET=utf8mb4 COLLATE=utf8mb4_unicode_ci;

LOCK TABLES `cache` WRITE;
/*!40000 ALTER TABLE `cache` DISABLE KEYS */;

INSERT INTO `cache` (`key`, `value`, `expiration`)
VALUES
	('laravel-cache-vedangi@gmail.com|127.0.0.1','i:1;',1782985645),
	('laravel-cache-vedangi@gmail.com|127.0.0.1:timer','i:1782985645;',1782985645),
	('laravel-cache-vedangij@gmail.com|127.0.0.1','i:2;',1760425183),
	('laravel-cache-vedangij@gmail.com|127.0.0.1:timer','i:1760425183;',1760425183),
	('laravel-cache-vedangij@softcell.com|127.0.0.1','i:1;',1782985614),
	('laravel-cache-vedangij@softcell.com|127.0.0.1:timer','i:1782985614;',1782985614);

/*!40000 ALTER TABLE `cache` ENABLE KEYS */;
UNLOCK TABLES;


# Dump of table cache_locks
# ------------------------------------------------------------

DROP TABLE IF EXISTS `cache_locks`;

CREATE TABLE `cache_locks` (
  `key` varchar(255) NOT NULL,
  `owner` varchar(255) NOT NULL,
  `expiration` int(11) NOT NULL,
  PRIMARY KEY (`key`)
) ENGINE=InnoDB DEFAULT CHARSET=utf8mb4 COLLATE=utf8mb4_unicode_ci;



# Dump of table failed_jobs
# ------------------------------------------------------------

DROP TABLE IF EXISTS `failed_jobs`;

CREATE TABLE `failed_jobs` (
  `id` bigint(20) unsigned NOT NULL AUTO_INCREMENT,
  `uuid` varchar(255) NOT NULL,
  `connection` text NOT NULL,
  `queue` text NOT NULL,
  `payload` longtext NOT NULL,
  `exception` longtext NOT NULL,
  `failed_at` timestamp NOT NULL DEFAULT current_timestamp(),
  PRIMARY KEY (`id`),
  UNIQUE KEY `failed_jobs_uuid_unique` (`uuid`)
) ENGINE=InnoDB DEFAULT CHARSET=utf8mb4 COLLATE=utf8mb4_unicode_ci;



# Dump of table job_batches
# ------------------------------------------------------------

DROP TABLE IF EXISTS `job_batches`;

CREATE TABLE `job_batches` (
  `id` varchar(255) NOT NULL,
  `name` varchar(255) NOT NULL,
  `total_jobs` int(11) NOT NULL,
  `pending_jobs` int(11) NOT NULL,
  `failed_jobs` int(11) NOT NULL,
  `failed_job_ids` longtext NOT NULL,
  `options` mediumtext DEFAULT NULL,
  `cancelled_at` int(11) DEFAULT NULL,
  `created_at` int(11) NOT NULL,
  `finished_at` int(11) DEFAULT NULL,
  PRIMARY KEY (`id`)
) ENGINE=InnoDB DEFAULT CHARSET=utf8mb4 COLLATE=utf8mb4_unicode_ci;



# Dump of table jobs
# ------------------------------------------------------------

DROP TABLE IF EXISTS `jobs`;

CREATE TABLE `jobs` (
  `id` bigint(20) unsigned NOT NULL AUTO_INCREMENT,
  `queue` varchar(255) NOT NULL,
  `payload` longtext NOT NULL,
  `attempts` tinyint(3) unsigned NOT NULL,
  `reserved_at` int(10) unsigned DEFAULT NULL,
  `available_at` int(10) unsigned NOT NULL,
  `created_at` int(10) unsigned NOT NULL,
  PRIMARY KEY (`id`),
  KEY `jobs_queue_index` (`queue`)
) ENGINE=InnoDB DEFAULT CHARSET=utf8mb4 COLLATE=utf8mb4_unicode_ci;



# Dump of table migrations
# ------------------------------------------------------------

DROP TABLE IF EXISTS `migrations`;

CREATE TABLE `migrations` (
  `id` int(10) unsigned NOT NULL AUTO_INCREMENT,
  `migration` varchar(255) NOT NULL,
  `batch` int(11) NOT NULL,
  PRIMARY KEY (`id`)
) ENGINE=InnoDB DEFAULT CHARSET=utf8mb4 COLLATE=utf8mb4_unicode_ci;

LOCK TABLES `migrations` WRITE;
/*!40000 ALTER TABLE `migrations` DISABLE KEYS */;

INSERT INTO `migrations` (`id`, `migration`, `batch`)
VALUES
	(1,'0001_01_01_000000_create_users_table',1),
	(2,'0001_01_01_000001_create_cache_table',1),
	(3,'0001_01_01_000002_create_jobs_table',1),
	(4,'2025_10_09_052001_create_tasks_table',1),
	(5,'2025_10_13_063930_add_due_date_to_tasks_table',2),
	(6,'2025_10_13_071400_add_priority_to_tasks_table',3),
	(7,'2025_10_13_104219_create_audit_logs_table',4),
	(8,'2025_10_13_104743_create_audit_logs_table',5),
	(9,'2025_10_14_070602_add_status_to_tasks_table',6),
	(10,'2025_10_14_092827_create_task_attachments_table',7),
	(11,'2025_10_14_100319_create_task_attachments_table',8);

/*!40000 ALTER TABLE `migrations` ENABLE KEYS */;
UNLOCK TABLES;


# Dump of table password_reset_tokens
# ------------------------------------------------------------

DROP TABLE IF EXISTS `password_reset_tokens`;

CREATE TABLE `password_reset_tokens` (
  `email` varchar(255) NOT NULL,
  `token` varchar(255) NOT NULL,
  `created_at` timestamp NULL DEFAULT NULL,
  PRIMARY KEY (`email`)
) ENGINE=InnoDB DEFAULT CHARSET=utf8mb4 COLLATE=utf8mb4_unicode_ci;



# Dump of table sessions
# ------------------------------------------------------------

DROP TABLE IF EXISTS `sessions`;

CREATE TABLE `sessions` (
  `id` varchar(255) NOT NULL,
  `user_id` bigint(20) unsigned DEFAULT NULL,
  `ip_address` varchar(45) DEFAULT NULL,
  `user_agent` text DEFAULT NULL,
  `payload` longtext NOT NULL,
  `last_activity` int(11) NOT NULL,
  PRIMARY KEY (`id`),
  KEY `sessions_user_id_index` (`user_id`),
  KEY `sessions_last_activity_index` (`last_activity`)
) ENGINE=InnoDB DEFAULT CHARSET=utf8mb4 COLLATE=utf8mb4_unicode_ci;

LOCK TABLES `sessions` WRITE;
/*!40000 ALTER TABLE `sessions` DISABLE KEYS */;

INSERT INTO `sessions` (`id`, `user_id`, `ip_address`, `user_agent`, `payload`, `last_activity`)
VALUES
	('dBhR2pmLLKBPxbXvnJttJWdbwuwBtvNXrrb77Pi8',4,'127.0.0.1','Mozilla/5.0 (Macintosh; Intel Mac OS X 10_15_7) AppleWebKit/537.36 (KHTML, like Gecko) Cursor/3.7.27 Chrome/142.0.7444.265 Electron/39.8.1 Safari/537.36','YTo0OntzOjY6Il90b2tlbiI7czo0MDoicUNiTzB1SkV0UWNHaE1WZVNsRXVHTHRhVW1WRXpqVDdZZFpiVkhaSyI7czo5OiJfcHJldmlvdXMiO2E6MTp7czozOiJ1cmwiO3M6MzE6Imh0dHA6Ly8xMjcuMC4wLjE6ODAwMS9kYXNoYm9hcmQiO31zOjY6Il9mbGFzaCI7YToyOntzOjM6Im9sZCI7YTowOnt9czozOiJuZXciO2E6MDp7fX1zOjUwOiJsb2dpbl93ZWJfNTliYTM2YWRkYzJiMmY5NDAxNTgwZjAxNGM3ZjU4ZWE0ZTMwOTg5ZCI7aTo0O30=',1782985736),
	('vwJsSJozIgHwssSxvzC17GfticU2pZQE2lRxvEyW',4,'127.0.0.1','Mozilla/5.0 (Macintosh; Intel Mac OS X 10.15; rv:152.0) Gecko/20100101 Firefox/152.0','YTo0OntzOjY6Il90b2tlbiI7czo0MDoibmZwM05wa050RnJmTUl4ek93eEV4UXZNWTNxRmhRa3BicDVqcHFjcCI7czo5OiJfcHJldmlvdXMiO2E6MTp7czozOiJ1cmwiO3M6MzE6Imh0dHA6Ly8xMjcuMC4wLjE6ODAwMS9kYXNoYm9hcmQiO31zOjY6Il9mbGFzaCI7YToyOntzOjM6Im9sZCI7YTowOnt9czozOiJuZXciO2E6MDp7fX1zOjUwOiJsb2dpbl93ZWJfNTliYTM2YWRkYzJiMmY5NDAxNTgwZjAxNGM3ZjU4ZWE0ZTMwOTg5ZCI7aTo0O30=',1782985867);

/*!40000 ALTER TABLE `sessions` ENABLE KEYS */;
UNLOCK TABLES;


# Dump of table task_attachments
# ------------------------------------------------------------

DROP TABLE IF EXISTS `task_attachments`;

CREATE TABLE `task_attachments` (
  `id` bigint(20) unsigned NOT NULL AUTO_INCREMENT,
  `task_id` bigint(20) unsigned NOT NULL,
  `filename` varchar(255) NOT NULL,
  `path` varchar(255) NOT NULL,
  `created_at` timestamp NULL DEFAULT NULL,
  `updated_at` timestamp NULL DEFAULT NULL,
  PRIMARY KEY (`id`),
  KEY `task_attachments_task_id_foreign` (`task_id`),
  CONSTRAINT `task_attachments_task_id_foreign` FOREIGN KEY (`task_id`) REFERENCES `tasks` (`id`) ON DELETE CASCADE
) ENGINE=InnoDB DEFAULT CHARSET=utf8mb4 COLLATE=utf8mb4_unicode_ci;

LOCK TABLES `task_attachments` WRITE;
/*!40000 ALTER TABLE `task_attachments` DISABLE KEYS */;

INSERT INTO `task_attachments` (`id`, `task_id`, `filename`, `path`, `created_at`, `updated_at`)
VALUES
	(1,28,'MF Utility -reedeem OrderDetailPdfConversion.do.pdf','task_attachments/yW0Y3t4ZBtL6hLVbdyOg7x9t1S8KILyxFw87PmsY.pdf','2025-10-14 10:04:55','2025-10-14 10:04:55'),
	(2,28,'Screenshot 2025-09-09 at 10.44.23 AM.png','task_attachments/t9kTDCRiaGMVnGgXg6aJzB2mOCHFvoooEZ4eivYS.png','2025-10-14 10:04:55','2025-10-14 10:04:55'),
	(5,31,'combined-stf-sstf-billing-report-export_26-06-2026_155511.xlsx','task_attachments/nPvEM3VwufjSFCHfO7k7WZxJmU3olNQaH1lTFM0c.xlsx','2026-07-02 09:51:01','2026-07-02 09:51:01');

/*!40000 ALTER TABLE `task_attachments` ENABLE KEYS */;
UNLOCK TABLES;


# Dump of table tasks
# ------------------------------------------------------------

DROP TABLE IF EXISTS `tasks`;

CREATE TABLE `tasks` (
  `id` bigint(20) unsigned NOT NULL AUTO_INCREMENT,
  `title` varchar(255) NOT NULL,
  `description` text DEFAULT NULL,
  `due_date` date DEFAULT NULL,
  `priority` enum('low','medium','high') NOT NULL DEFAULT 'medium',
  `status` enum('pending','in_progress','completed') NOT NULL DEFAULT 'pending',
  `is_completed` tinyint(1) NOT NULL DEFAULT 0,
  `created_at` timestamp NULL DEFAULT NULL,
  `updated_at` timestamp NULL DEFAULT NULL,
  `user_id` bigint(20) unsigned NOT NULL,
  PRIMARY KEY (`id`),
  KEY `tasks_user_id_foreign` (`user_id`),
  CONSTRAINT `tasks_user_id_foreign` FOREIGN KEY (`user_id`) REFERENCES `users` (`id`) ON DELETE CASCADE
) ENGINE=InnoDB DEFAULT CHARSET=utf8mb4 COLLATE=utf8mb4_unicode_ci;

LOCK TABLES `tasks` WRITE;
/*!40000 ALTER TABLE `tasks` DISABLE KEYS */;

INSERT INTO `tasks` (`id`, `title`, `description`, `due_date`, `priority`, `status`, `is_completed`, `created_at`, `updated_at`, `user_id`)
VALUES
	(1,'Test 1','Testing 1 Done 1','2025-10-23','medium','pending',0,'2025-10-13 05:19:48','2025-10-13 07:10:54',1),
	(2,'Test 2','Test 2 pending','2025-10-13','medium','pending',1,'2025-10-13 05:25:10','2025-10-13 07:10:34',1),
	(3,'Test 3','Test 3 due date','2025-10-23','medium','pending',0,'2025-10-13 06:50:43','2025-10-13 06:57:18',1),
	(4,'Test 4','Testing 4','2025-10-16','medium','pending',0,'2025-10-13 06:54:26','2025-10-13 06:57:09',1),
	(5,'test 5','test 5 working','2025-11-07','medium','pending',0,'2025-10-13 07:17:52','2025-10-13 07:20:27',1),
	(7,'test 8','testing 8 pending','2025-10-13','medium','pending',0,'2025-10-13 09:59:10','2025-10-13 11:47:27',2),
	(8,'test 7','testing 7 pending','2025-10-13','medium','pending',1,'2025-10-13 11:45:11','2025-10-14 05:05:15',2),
	(9,'test 10','testing 10','2025-10-10','low','in_progress',1,'2025-10-14 03:35:19','2025-10-14 07:19:21',1),
	(10,'Test 7','OK','2025-10-22','medium','pending',0,'2025-10-14 05:50:33','2025-10-14 05:50:33',2),
	(11,'Test 7','OK test','2025-10-22','medium','pending',0,'2025-10-14 05:51:51','2025-10-14 06:14:21',2),
	(12,'Test 7','OK','2025-10-22','medium','pending',0,'2025-10-14 05:58:32','2025-10-14 05:58:32',2),
	(13,'Test 1','Test working','2025-10-30','medium','pending',1,'2025-10-14 06:22:50','2025-10-14 06:23:18',3),
	(14,'Test 2','tEst','2025-10-30','medium','pending',0,'2025-10-14 06:23:40','2025-10-14 06:23:40',3),
	(15,'Test87','OK','2025-10-30','high','in_progress',0,'2025-10-14 09:23:37','2025-10-14 09:23:37',1),
	(16,'Test8 989','Tested working','2025-10-29','low','in_progress',0,'2025-10-14 09:30:21','2025-10-14 09:30:21',1),
	(17,'test 7676','test 877687','2025-10-24','low','in_progress',0,'2025-10-14 09:33:45','2025-10-14 09:33:45',1),
	(18,'tesyt7878998','9764543323','2025-11-07','low','in_progress',0,'2025-10-14 09:34:22','2025-10-14 09:34:22',1),
	(19,'465767','hkjhjhjbjhghj','2025-10-25','high','in_progress',0,'2025-10-14 09:40:51','2025-10-14 09:40:51',1),
	(20,'44356678','69876543','2025-10-30','low','in_progress',0,'2025-10-14 09:42:12','2025-10-14 09:42:12',1),
	(21,'34354656','989809909','2025-10-31','high','in_progress',0,'2025-10-14 09:48:12','2025-10-14 09:48:12',1),
	(22,'34354656','989809909','2025-10-31','high','in_progress',0,'2025-10-14 09:51:03','2025-10-14 09:51:03',1),
	(23,'34354656','989809909','2025-10-31','high','in_progress',0,'2025-10-14 09:57:02','2025-10-14 09:57:02',1),
	(24,'34354656','989809909','2025-10-31','high','in_progress',0,'2025-10-14 09:58:11','2025-10-14 09:58:11',1),
	(25,'34354656','989809909','2025-10-31','high','in_progress',0,'2025-10-14 09:58:34','2025-10-14 09:58:34',1),
	(26,'34354656','989809909','2025-10-31','high','in_progress',0,'2025-10-14 10:00:11','2025-10-14 10:00:11',1),
	(27,'34354656','989809909','2025-10-31','high','in_progress',0,'2025-10-14 10:02:41','2025-10-14 10:02:41',1),
	(28,'34354656','989809909','2025-10-31','high','in_progress',1,'2025-10-14 10:04:55','2025-10-14 11:34:31',1),
	(31,'Test','Testing','2026-07-02','medium','in_progress',1,'2026-07-02 09:51:01','2026-07-02 09:51:07',4);

/*!40000 ALTER TABLE `tasks` ENABLE KEYS */;
UNLOCK TABLES;


# Dump of table users
# ------------------------------------------------------------

DROP TABLE IF EXISTS `users`;

CREATE TABLE `users` (
  `id` bigint(20) unsigned NOT NULL AUTO_INCREMENT,
  `name` varchar(255) NOT NULL,
  `email` varchar(255) NOT NULL,
  `email_verified_at` timestamp NULL DEFAULT NULL,
  `password` varchar(255) NOT NULL,
  `remember_token` varchar(100) DEFAULT NULL,
  `created_at` timestamp NULL DEFAULT NULL,
  `updated_at` timestamp NULL DEFAULT NULL,
  PRIMARY KEY (`id`),
  UNIQUE KEY `users_email_unique` (`email`)
) ENGINE=InnoDB DEFAULT CHARSET=utf8mb4 COLLATE=utf8mb4_unicode_ci;

LOCK TABLES `users` WRITE;
/*!40000 ALTER TABLE `users` DISABLE KEYS */;

INSERT INTO `users` (`id`, `name`, `email`, `email_verified_at`, `password`, `remember_token`, `created_at`, `updated_at`)
VALUES
	(1,'Vedangi','vedangi@gmail.com',NULL,'$2y$12$VxabNS9Djq/cU4W6Z9xJNeLFKRTHq6nuyskldL3HGd3nMGriovfnO',NULL,'2025-10-13 05:06:35','2025-10-13 05:06:35'),
	(2,'Harshali Jambhale','harshalij@gmail.com',NULL,'$2y$12$69R6CK8fp7lnnCoYknDzPekORblYmXu6ibKpDKjiv8ebNjvZXscYK',NULL,'2025-10-13 08:45:26','2025-10-14 05:05:36'),
	(3,'Moksh V','mokshv@gmail.com',NULL,'$2y$12$SlQ3ZcKz6umqcT/60HyMIOq3XX8reJfVHdX2EywtMywT08gQotEfe',NULL,'2025-10-14 06:22:32','2025-10-14 06:24:02'),
	(4,'divya','divya@gmail.com',NULL,'$2y$12$WwgjdH6NGjmQxuFlnuLsn.iCC8VqSJtisuexWlsH9VEalb/P0/eBW',NULL,'2026-07-02 09:47:21','2026-07-02 09:47:21');

/*!40000 ALTER TABLE `users` ENABLE KEYS */;
UNLOCK TABLES;



/*!40111 SET SQL_NOTES=@OLD_SQL_NOTES */;
/*!40101 SET SQL_MODE=@OLD_SQL_MODE */;
/*!40014 SET FOREIGN_KEY_CHECKS=@OLD_FOREIGN_KEY_CHECKS */;
/*!40101 SET CHARACTER_SET_CLIENT=@OLD_CHARACTER_SET_CLIENT */;
/*!40101 SET CHARACTER_SET_RESULTS=@OLD_CHARACTER_SET_RESULTS */;
/*!40101 SET COLLATION_CONNECTION=@OLD_COLLATION_CONNECTION */;
